Resident ID,Resident,DoB,Current Age,Education,Location,Income
2313,Ralen,1993/3/22,32_,college,Joondalup,271000
1622,Janan,2006-2-11,19,junior college,Karratha,284000
490,Dahlia,1978-10-4,-46,college,Carnarvon,112000
1395,Elus,1979-10-17,45,under HS,Warwick,338000
920,Galus,1978-11-3,46,college,Murray Bridge,151000
2021,Galor,1982-1-11,43,PhD,Bathurst,466000
2568,Oros,2009-5-7,15,junior college,Manjimup,486000
2580,Selis,2009-8-26,15,college,Warwick,50000
695,Danae,2009-3-30,16,postgrade by course,Tom Price,389000
1065,Perius,1979-11-16,45,HS,Papunya,393000
1195,Jonah,1984-3-19,41,HS,Kingston SE,452000
2945,Mila,2002-9-10,22,HS,Boddington,282000
1111,Oren,1990-1-5,35_,college,Dunsborough,590000
1295,Pera,2002-3-3,23,junior college,Lithgow,60000
2158,Elae,1992-11-25,32,junior college,Burnie,234000
374,Oria,2003-5-21,21,junior college,Nhulunbuy,329000
1160,Clara,1999/10/16,25,postgrade by course,Hobart,72000
2760,Everett,2002/11/8,22,HS,Orange,177000
1485,Selar,1975-6-29,49,under HS,Nelson Bay,489000
211,Elen,1987-10-23,37,college,Margaret River,388000
279,Valas,1987-3-7,38,postgrade by course,Atherton,127000
897,Loryn,2001/2/5,24,HS,Singleton,241000
810,Selis,1982-12-10,42,HS,Laverton,163000
74,Peryn,1977/9/13,47,HS,Wagin,297000
733,Daneth,2007-6-23,17.,HS,Manjimup,194000
1439,Ralion,2000-3-25,25,junior college,Rockhampton,557000
16,Loron,1988-9-13,36,college,Wangaratta,46000
1390,Halia,2008/3/5,17,junior college,Nelson Bay,389000
1702,Isas,2006-9-17,18,postgrade by course,Whyalla,127000
862,Coriel,1973-4-28,52,HS,Sunshine Coast,395000
836,Elyn,1973-2-2,52,college,Meekatharra,474000
2916,Coren,1998/8/14,26,junior college,Jurien Bay,161000
2645,Isiel,2009-11-24,15,junior college,Hobart,209000
1396,Isius,1990-9-26,34,college,Newcastle,474000
572,Oria,1989-12-18,35,junior college,Leonora,127000
2747,Noron,1975-3-7,50,HS,Sale,500000
1270,Peria,1996-2-29,29,college,Port Macquarie,400000
1847,Danon,1976-1-6,49,junior college,Margaret River,340000
2788,Valar,2008-8-31,16.,junior college,Albany,470000
3,Feniel,1998-6-22,26,junior college,Joondalup,545000
2366,Maliel,1990-7-1,34,junior college,Griffith,485000
814,Belius,1980-6-15,44,college,Mount Isa,60000
2883,Naomi,2004/12/24,20,college,Kununurra,496000
1945,Selos,2008-12-27,16,HS,Perth,237000
2905,Valia,1979-12-19,45,HS,Biloela,155000
1020,Lora,1980/4/12,45,postgrade by course,Joondalup,252000
960,Peris,1972-8-30,52,PhD,Hermannsburg,285000
1881,Fenas,2001-11-28,23,junior college,Nelson Bay,569000
2695,Janius,1993-8-3,31,HS,Mataranka,578000
1903,Nadia,1972-5-10,52,master,Tennant Creek,539000
916,Ren,1992/6/21,32,college,Atherton,203000
1494,Elae,2003/9/21,21,HS,Mount Gambier,92000
1979,Valeth,1991-10-24,33,college,Narrabri,77000
1417,Quenius,1998-2-28,27,HS,Yeppoon,557000
1256,Ralas,1995/6/10,-29_,under HS,Dubbo,557000
958,Daniel,1976-4-10,49,junior college,Yuendumu,421000
891,Loros,1990-2-1,35,HS,Nelson Bay,129000
1284,Janae,1997-3-19,28,HS,Geraldton,420000
1058,Janor,2003/1/21,22.0,PhD,Bundaberg,436000
84,Seliel,2010/5/9,14,junior college,Mutitjulu,564000
2385,Jania,1983-12-30,41.,college,Papunya,425000
442,Emery,2003-9-15,21,junior college,Kalgoorlie,557000
1987,Torion,1985-12-21,39,college,Atherton,163000
1874,Emrys,1977-1-28,-48,HS,Yeppoon,79000
1545,Danus,1975-3-21,50,postgrade by course,Joondalup,462000
2653,Ralar,2003-12-1,21,college,Seymour,570000
2389,Rafael,2002-3-13,23,college,Port Denison,473000
1459,Elius,1989-1-11,36,PhD,Barrow Creek,34000
2173,Aspen,2007-1-22,18,junior college,Pingelly,218000
824,Quenor,2001/2/27,24,high-school,Whyalla,342000
1481,Maeve,1981/10/23,43.,college,Margaret River,420000
2550,Loren,1994-12-31,30,HS,Margaret River,399000
750,Toren,1978-7-23,46,HS,Hermannsburg,437000
973,Anaya,1974-2-28,51,HS,Ballarat,219000
2868,Raleth,1994/7/25,30_,junior college,Geraldton,502000
1648,Beliel,2009/4/26,16,college,Port Hedland,61000
2387,Janius,1995-1-27,30,junior college,Forster,387000
890,Halae,1985-4-10,40,HS,Geraldton,42000
2992,Flynn,1989-6-16,35,HS,Wyndham,278000
164,Halius,2004/6/24,20,junior college,Mount Isa,229000
2113,Noria,2002-6-15,22,HS,Boddington,586000
1665,Toren,2002-1-30,23,junior college,Geelong,589000
1789,Nola,1973-8-21,51,HS,Kununurra,50000
966,Julian,1994-3-9,31,HS,Broome,402000
2785,Belis,1996/6/9,28,college,Derby,273000
1814,Nash,1977/1/23,48_,college,Forster,537000
2116,Keliel ,1991-5-25,33,HS,Bundaberg,115000
1745,Loron,1995-1-6,30,HS,Hermannsburg,67000
1465,Fenas,1980-9-24,-44,HS,Larrimah,442000
2736,Elius,2004-4-20,21,college,Morisset,273000
624,'Corion,2003/10/22,21,college,Cloncurry,131000
790,Fenor,2002-1-20,23,junior college,Albany,462000
2263,Noras,1975/10/23,49,junior college,Victor Harbor,374000
877,Fenion,1988-10-20,36,high-school,Joondalup,422000
1934,Malas,1992-2-3,33,HS,Forster,164000
2918,Janas,1976-3-22,49,junior college,Bundaberg,259000
1690,Dana,1998-3-17,27,college,Mandurah,572000
818,Torae,1997-3-8,28,HS,Daly Waters,299000
2921,Coror,1996/1/5,29_,HS,Atherton,69000
2049,Seleth,1993-6-11,31,HS,Whyalla,262000
900,Ralos,1972/1/2,53,HS,Halls Creek,350000
348,Silas,1981-8-5,43,postgrade by course,Whyalla,389000
2850,Pereth,1973-1-19,52,postgrade by course,Meekatharra,394000
343,Corae,1980/1/12,45,college,Townsville,282000
2040,Milo,1999/6/19,25,HS,Adelaide,78000
1011,Norae,1996-5-30,28,postgrade by course,Goondiwindi,148000
1975,Loror,2010/10/25,14_,postgrade by course,Port Hedland,398000
181,Ora,1978-6-20,-46,college,Whyalla,480000
2664,Norae,1992-12-5,32,junior college,Mandurah,126000
1042,Belar,2008-4-1,17,junior college,Forster,131000
1054,Kelar,1999-5-2,26,college,Mount Barker,467000
1618,Fenon\s,1998-8-21,-26,HS,Port Hedland,234000
723,Torius,2004/3/14,21,college,Esperance,68000
1170,Peror,2004-2-19,21,under HS,Joondalup,250000
951,Isae,1980-9-13,44,HS,Gatton,248000
822,Isiel,1996-8-16,28,junior college,Katanning,422000
275,Galas,1975-3-5,50,junior college,Newman,195000
2291,Daphne,2010-2-12,15,college,Howard Springs,440000
1350,Norus,1982-5-21,42,college,Meekatharra,346000
765,Isas,2008-11-18,16.,college,Kingaroy,48000
635,Liana,1998-3-13,27,junior college,Yanchep,426000
1906,Halus,2010-9-29,14,junior college,Burnie,394000
1363,Selius,1993/10/21,31,college,Maryborough,396000
2426,Maleth,1979-4-26,46,college,Mutitjulu,261000
492,Torius,2001-6-25,23,under HS,Townsville,136000
2510,Jana,1987-8-27,37,HS,Kununurra,431000
2833,Valis,1990-2-15,35,HS,Victor Harbor,126000
2182,Daneth,1997-3-21,28.0,high-school,Geraldton,574000
620,Belas,2004-7-4,20,college,Jurien Bay,463000
1864,Lorius,1982-10-9,42,junior college,Murray Bridge,520000
2727,Kelius,2003-5-20,21,college,Leonora,79000
2913,Mara,1972-10-3,52,PhD,Broome,141000
1229,'Damian,1982-6-29,42,HS,Margaret River,200000
2042,Maren,1981-2-26,44,junior college,Larrimah,477000
1405,Marcellus,1996/11/25,-28,college,Leonora,268000
1101,Maleth,2004-7-11,20,HS,Hobart,582000
1607,Toriel,2005-12-15,19,HS,Mataranka,121000
2620,Belas,1982-10-27,42,HS,Wagga Wagga,224000
757,Oras,1972-2-14,-53,HS,Gatton,576000
2713,Isis,1976/3/8,49,postgrade by course,Kingaroy,370000
1976,Tora,1980-5-24,-44,HS,Toowoomba,85000
2150,Perius,1996/10/3,28,college,Atherton,132000
2368,Ira,2001-10-12,23,postgrade by course,Alice Springs,568000
2530,Dania,1976-10-1,48,junior college,Taree,379000
2601,Toran,1992-7-30,32,junior college,Mataranka,444000
2418,Elus,1987-6-27,37,college,Wangaratta,123000
1240,Galiel,1980-1-12,45,junior college,Victor Harbor,223000
1967,Omar,1975/5/16,49,HS,Mudgee,561000
1311,Norius,1998/3/4,27,under HS,Atherton,137000
1846,Janor,1982-11-24,-42,junior college,Daly Waters,538000
1019,Torus,1995-11-1,29,master,Singleton,215000
1816,Selus,2004/10/24,20,college,Papunya,259000
2542,Eliel,2010-12-6,14,college,Halls Creek,339000
559,Kelius,2010/8/1,14,college,Melbourne,154000
1442,Perius,1981-12-7,43,HS,Mudgee,462000
1793,Ralae,1974/6/8,50,college,Leonora,396000
2058,Ivy,1978-7-1,46.0,junior college,Albany,156000
2711,Ava,1994-11-15,30,HS,Victor Harbor,180000
710,Isiel,1984-8-31,40,postgrade by course,Papunya,35000
867,Seliel,2009-10-4,15,HS,Toowoomba,107000
2264,Ozias\s,1977-5-27,47,HS,Busselton,557000
1840,Galor,1986-1-3,39,HS,Rockhampton,421000
2800,Elae,1990/11/21,34,PhD,Mount Barker,128000
416,Galus,1987-4-26,38,junior college,Katanning,488000
1971,Elor,1977/3/10,48,junior college,Roma,228000
2142,Ralae,1974/3/6,51.0,junior college,Kings Canyon,38000
2590,Quenyn,2009-1-17,16,college,Meekatharra,135000
677,Isor,1995-3-20,30,college,Mataranka,437000
1584,Halas,2010-4-12,15,college,Dubbo,449000
896,Danion,1980-6-27,44,HS,Kalgoorlie,322000
926,Janan,1977-12-29,47,junior college,Tennant Creek,109000
2083,Coryn,2006-8-16,18,junior college,Forster,277000
1591,Isius,2009-9-3,15,HS,Whyalla,490000
787,Janus,1974-10-4,50,HS,Hermannsburg,407000
829,Maia,1996/4/2,29,junior college,Kununurra,344000
2594,Peren,2004/7/15,20,master,Maryborough,489000
2468,Beliel,1992-5-14,-32,college,Deniliquin,327000
2683,Peron,2007-5-11,17,postgrade by course,Forster,437000
245,Toreth,1985-1-24,40,postgrade by course,Derby,91000
2186,Fenor,1986-1-24,-39,HS,Meekatharra,116000
361,Isius,1979-12-20,45,college,Forster,366000
773,Magnus,1994-5-14,30,junior college,Bendigo,454000
2255,Isae,1976-6-12,48,college,Nhulunbuy,552000
2086,Seliel,2009/2/5,16,college,Broome,397000
2950,Orion,1977/2/27,48,HS,Nelson Bay,65000
2759,Malia,1998-3-10,27,college,Kempsey,522000
1669,Quenan,1990/8/15,34,college,Taree,526000
1007,Kelis,1986-6-7,38,college,Groote Eylandt,493000
2647,Oriel,1989-9-5,35,high-school,Grafton,233000
2991,Iseth,2003/2/26,22_,junior college,Katherine,113000
2277,Belor,1975-11-7,49.0,college,Atherton,137000
1226,Toria,1973-10-11,51,junior college,Taree,377000
1022,Valon,2001/12/14,23,college,Geelong,438000
982,Valeth,2010-7-17,14,PhD,Kalbarri,421000
1292,Toras,1986/2/11,39,HS,Ti Tree,506000
2380,Oror,2002-7-15,22,college,Muswellbrook,277000
2010,Kelen,2004-12-4,20,HS,Armidale,30000
1570,Belae,1992-6-20,32,college,Grafton,116000
412,Halus,1991-5-23,33,college,Hermannsburg,315000
2362,Lorae,1986-12-16,38,HS,Atherton,380000
1943,'Galus,1986-5-4,38,junior college,Kempsey,44000
197,Ralia,1990-7-14,34,master,Narrogin,460000
2382,Loren,1991/2/28,34,under HS,Bowen,265000
452,Galae,1987/12/1,37_,junior college,Ballarat,275000
2486,Danas,1995-7-9,29,college,Forster,371000
2207,Noras,2004-8-2,20,junior college,Traralgon,522000
1823,Nora,1975/11/22,49,HS,Warwick,303000
998,Janius,2005-4-24,20,HS,Hobart,45000
477,Quenan,1991-2-5,34,college,Pingelly,589000
26,Emilia,1987-5-21,37,HS,Kalgoorlie,206000
368,Ralyn,1975-11-15,49,junior college,Nelson Bay,227000
173,Selius,1997-9-21,27.0,college,Port Macquarie,208000
1740,Elius,2008-12-18,16,postgrade by course,Leonora,211000
2574,Ansel,2009/9/22,15,HS,Manjimup,228000
1542,Quenar,1993-12-28,31,under high-school,Albany,473000
1517,Coren,2003/7/16,21,HS,Gatton,86000
340,Feneth,1990-5-31,34,HS,Hobart,72000
2229,Elius,2007-5-29,17,under HS,Coolalinga,522000
2526,Remi,2003-5-8,21,HS,Perth,588000
2274,Feneth,1989/12/7,35,under HS,Hobart,212000
702,Loren,1974/8/11,50_,college,Kempsey,512000
1617,Peran,1984-1-10,41,college,Daly Waters,258000
1339,Lara,1977/2/17,48,college,Midland,193000
2687,Malor,1985-8-21,39,college,Laverton,294000
977,Oror,2004/10/29,20,HS,Mutitjulu,272000
2006,Beauden,1986-9-8,38,junior college,Mount Barker,554000
373,Noren,1989/2/21,36,postgrade by course,Tennant Creek,593000
842,Elia,2008-6-13,16,college,Pingelly,74000
2154,Valar,1973-2-9,52,master,Kingaroy,465000
232,Loren,1996-12-23,28,college,Karratha,381000
1763,Belor,2002-12-31,22,college,Batchelor,131000
2139,Ralis,2008-9-6,16,college,Midland,313000
82,Isar,2009-4-24,16.,postgrade by course,Exmouth,496000
2518,Galus,2010-8-30,14_,college,Forster,343000
2792,Fena,1976/1/25,49,college,Batchelor,479000
1421,Selius,1981-10-18,43,HS,Kingston SE,104000
166,Leila,2009-1-1,16,HS,Emerald,355000
10,Fenor,2009-3-17,16,HS,Onslow,580000
1064,Janiel,1995-5-8,29,college,Paraburdoo,463000
1714,Griffin,1977-4-12,48,junior college,Halls Creek,361000
2018,Keliel,1994-2-7,31,HS,Gatton,158000
2692,Lorius,1979-7-4,45,college,Winton,154000
2166,Jemma,1990-8-17,-34,college,Gladstone,61000
1963,Torius,1993-11-22,31.,college,Busselton,375000
923,Finn,1993/2/5,32.,postgrade by course,Parkes,264000
1414,Selen,1995-1-8,-30_,under HS,Fitzroy Crossing,430000
2589,Hala,1995/2/17,30,HS,Armadale,304000
2437,Kian,1999-5-8,25,junior college,Derby,530000
256,Isas,1976/8/29,48,junior college,Griffith,502000
500,Felix\s,1979-6-15,45,junior college,Albury,274000
297,Janiel,1975-6-11,49,HS,Nelson Bay,31000
2564,Pereth,1981/1/25,44,college,Orange,400000
828,Malar,1977-3-31,48,college,Sunshine Coast,74000
1839,Malen,1983-5-8,41,HS,Whyalla,436000
2772,Alessia,2008-12-19,16,junior college,Kalbarri,209000
747,Noran,2000/9/7,-24_,postgrade by course,Gatton,157000
921,Haliel,2000-12-16,24,junior college,Southern Cross,512000
1224,Periel,1983/11/5,41,junior college,Coffs Harbour,72000
2559,Alana,2003-10-9,21,college,Papunya,312000
1917,Malion,1981-2-4,44,college,Fitzroy Crossing,482000
1650,Halon,2008-7-16,16,junior college,Lithgow,148000
2607,Galeth,1996-4-27,29,college,Broome,379000
566,Bodhi,1990-8-18,34,postgrade by course,Bunbury,412000
1794,Ralar,2006/4/10,19,junior college,Katherine,557000
207,Fenor,1984-9-26,40,HS,Biloela,385000
17,Kelae,1996/6/18,28.,under HS,Narrabri,600000
1036,Gideon,2003-10-22,21_,postgrade by course,Ballarat,97000
2272,Carter,1986/4/21,39,under HS,Hobart,269000
83,Keliel,1993-9-11,31,college,Daly Waters,311000
1215,Quenar,2006-9-13,18,junior college,Narrabri,372000
165,Ralae,1977-10-25,47,college,Batchelor,383000
310,Quenen,1984/1/30,41,junior college,Albany,294000
352,Elius,1974-5-22,50,junior college,Kalgoorlie,74000
2440,Isius,1974-1-27,51,college,Yanchep,258000
2820,Loras,1988-7-25,36,college,Ararat,164000
2661,Torar,1996-11-19,28.,HS,Derby,533000
1049,Lucien,1982-10-24,42,college,Barrow Creek,138000
556,Oriel,1978-10-20,46,junior college,Kempsey,207000
1186,Feniel,1986-7-12,38,HS,Cloncurry,142000
662,Galor,1974-3-14,51,college,Derby,96000
1500,Ralor,1976/6/21,48.0,HS,Forster,158000
2015,Torus,1982-5-11,42,junior college,Mount Barker,397000
176,Corus,1987-8-30,37,college,Laverton,61000
705,Vala,2006-5-22,18_,college,Pingelly,542000
1804,Valan,1980/11/22,44,junior college,Burnie,540000
2769,Orion,1998/7/22,26,junior college,Boddington,564000
2271,Isius,2010-10-22,14,college,Shepparton,40000
377,Oreth,2007/6/14,17,college,Meekatharra,92000
1424,Elan,1989-7-26,35,junior college,Onslow,269000
1769,Quenion,2003-4-18,22,junior college,Darwin,300000
1553,Eliel,1981/7/20,43,HS,Leonora,430000
1482,Elyn,1993-4-1,32,junior college,Bundaberg,396000
526,Raliel,1978-10-5,46,college,Merredin,215000
2803,Nico,1981-2-26,44,PhD,Kalgoorlie,286000
762,Corar,1986-6-2,38_,college,Leonora,558000
1449,Selyn,1973/1/7,52,college,Denmark,295000
1569,Danar,1975-12-22,49,college,Queanbeyan,376000
1478,Noros,1981-3-5,44,college,Mount Isa,37000
384,Daneth,1997-4-4,28,HS,Denmark,543000
755,Galon,1976/7/3,48,HS,Sunshine Coast,319000
1733,Eliza,1984/5/7,40,college,Hermannsburg,309000
1066,Quenion,1986-5-24,38,postgrade by course,Cowra,53000
2891,Kairo,1994/8/3,30,HS,Bowen,222000
2901,Gaia,1977-3-22,48,junior college,Halls Creek,455000
1198,Imogen,1984-2-15,41_,high-school,Howard Springs,155000
2554,Raliel,1980/12/24,-44,college,Grafton,279000
379,Evander,1974-3-9,51,college,Morley,59000
1642,Loren,2001/11/1,23,HS,Mutitjulu,353000
2355,Coryn,2003-7-23,21,college,Atherton,215000
146,Kelen,1976/1/24,-49,HS,Whyalla,486000
2443,Belius,1981-4-3,44,HS,Albury,445000
300,Jade,1993-12-15,31,HS,Busselton,595000
2814,Hala,2004-9-24,20,HS,Ali Curung,378000
948,Elen,2009/12/13,15,HS,Port Macquarie,45000
1393,Toran,2005-3-27,20,postgrade by course,Leonora,505000
464,Valyn,1985-11-18,39,college,Bowen,359000
2135,Selos,2003-9-6,21_,HS,Roma,303000
287,Lorius,1990/7/19,34,HS,Atherton,379000
2011,Torus,1987-4-16,38,college,Manjimup,589000
2097,Elor,2003-1-2,22,HS,Kununurra,402000
1999,Galius,1975-1-3,50,HS,Wagga Wagga,35000
2347,Pia,1983-6-27,41,college,Nowra,457000
1004,Danor,2009-9-28,15,junior college,Emerald,138000
1156,Corar,1981-9-23,43,postgrade by course,Longreach,535000
1587,Halis,1987-4-7,38,postgrade by course,Port Lincoln,398000
949,Kelia,2004/2/16,21,college,Winton,534000
486,Oror,2000-7-17,24,HS,Geraldton,283000
1403,Valon,1989/8/17,35,postgrade by course,Groote Eylandt,43000
447,Selan,2007-11-1,17,HS,Rockingham,480000
81,Kyra,1979-10-8,45,college,Barrow Creek,392000
78,Capri,1992-3-27,33,HS,Boddington,433000
1038,Belia,1975-8-26,49_,HS,Hermannsburg,373000
128,Porter,1978/10/24,46,HS,Warwick,31000
433,Kiara,2002-3-27,23,junior college,Murray Bridge,195000
2691,Toriel,1982-5-23,42,under HS,Broome,317000
2266,Tora,2001/9/9,23,under HS,Bathurst,431000
2926,Haven,1998/2/1,27.0,junior college,Yeppoon,108000
1989,'Torae,2010-5-27,14,HS,Tennant Creek,537000
1239,Isus,1976-11-21,48,junior college,Bendigo,232000
1265,Belae,1975-9-4,49,postgrade by course,Atherton,498000
1041,Fenia,1976/6/6,48,HS,Darwin,277000
286,Malon,1977-6-16,47,HS,Whyalla,403000
1742,Ryder,2010-11-15,14,postgrade by course,Kununurra,540000
1803,Maude,1985-9-14,39,HS,Devonport,194000
866,Janen,1985-4-24,40,HS,Daly Waters,300000
1912,Coryn,1989-4-3,36,junior college,Coffs Harbour,52000
1582,Raliel,1982-5-3,-43,HS,Hermannsburg,79000
20,Noras,2001-2-9,24,under HS,Perth,386000
539,Lora,2008-5-21,16_,junior college,Manjimup,493000
1952,Ezra,1992-4-20,33,HS,Mackay,560000
1420,Coror,1977-12-9,47,junior college,Joondalup,211000
2214,Elan,1987-4-24,38,college,Casino,62000
638,Peria,1995-3-6,30,junior college,Charters Towers,30000
118,Peror,1993-8-13,-31,junior college,Gladstone,252000
117,Toriel,2005-10-19,19,HS,Halls Creek,248000
991,Galia,1992-10-1,32,HS,Seymour,118000
2904,Noriel,2003/4/19,22,college,Perth,473000
1039,Oror,1973-4-29,-52,college,Whyalla,548000
2172,Flora,1983-4-29,42,high-school,Atherton,47000
2841,Halon,1977/9/27,47_,postgrade by course,Joondalup,389000
387,Elion,1983-10-3,41,HS,Albany,197000
2557,Halor,2003-1-17,22,HS,Port Macquarie,334000
2481,Mateo,1980-8-14,44_,junior college,Victor Harbor,474000
907,Ralis,2000-3-30,25,college,Leonora,242000
1837,Asher,1979-2-5,46,college,Taree,383000
2242,Queniel,1981-9-30,43,junior college,Albany,504000
1880,Niko,1975/4/17,50,HS,Hervey Bay,535000
1576,Raliel,1989-11-30,35,college,Kempsey,193000
1477,Valan,1987-11-20,37,HS,Gatton,338000
804,Noror,1972-2-6,53,HS,Fitzroy Crossing,538000
2409,Oron,1994-5-13,30,HS,Merredin,197000
1513,Stellan,1994-8-22,30,junior college,Halls Creek,58000
1630,Halae,1986-4-23,39,postgrade by course,Yanchep,453000
2660,Ivan,1979/10/19,45,HS,Nowra,52000
2284,Kelius,2007-7-10,17,HS,Mutitjulu,118000
1867,Elis,2001-10-14,23,HS,Dunsborough,581000
405,Isis,1978-5-29,46,HS,Atherton,368000
1303,Loriel,1980-6-1,44,college,Yanchep,291000
2343,Janion,1974/4/21,51,HS,Bowen,499000
1536,Kalia,1990-6-15,34,HS,Exmouth,470000
1626,Rala,1979/2/10,46,college,Narrabri,326000
2258,Kelos\s,1981-2-2,44,HS,Roma,557000
1423,Janon,2004-3-22,21,HS,Batchelor,511000
1183,Orus,1996/5/23,28,college,Batchelor,546000
2327,Ellis,2010-1-13,15,HS,Armidale,258000
393,Quenor,1993-8-25,31,junior college,Gladstone,123000
1274,Keliel,2003-7-16,21,HS,Mount Barker,171000
2750,Belis,2001-12-17,23,HS,Kununurra,429000
715,Galis,2007/4/3,18,high-school,Derby,42000
2331,Ralon,1973-12-5,51,junior college,Wollongong,32000
786,Haleth,1998/9/21,26,college,Coolalinga,192000
1201,Seliel,2006-2-19,19,junior college,Mataranka,397000
2751,Indigo,2008-11-11,16,college,Joondalup,347000
2906,Peren,1982-8-8,42,postgrade by course,Roma,61000
1302,Luna,1987/4/10,38,PhD,Manjimup,268000
2517,Meira,2010-9-14,-14,PhD,Busselton,335000
19,Paisley,2003-4-9,22,HS,Daly Waters,509000
1128,Janon,1994-10-29,30,college,Fremantle,492000
768,Ralen,2002-3-14,23,junior college,Queanbeyan,222000
2863,Sela,2010-10-15,14,HS,Wyndham,526000
2294,Perus,1972-3-15,53,college,Burnie,118000
2425,Valia,1974-3-12,51_,junior college,Joondalup,475000
155,Dana,1986-7-9,38,college,Nhulunbuy,387000
1383,Ralae,2003-12-31,21,college,Halls Creek,41000
2080,Nina,1988-2-1,37_.0,under HS,Bowral,516000
1734,Lorius,1981-9-12,43,junior college,Alice Springs,395000
2572,Elor ,1982-8-9,42,postgrade by course,Hermannsburg,173000
1379,Kelos,1985-7-9,39,HS,Kings Canyon,110000
2031,Norius,1973-8-28,51,college,Winton,437000
1047,Orius,1987-8-4,37,postgrade by course,Esperance,59000
1219,Peron,1979-1-5,46,college,Batemans Bay,59000
1535,Landon,2002-8-16,22_,HS,Murray Bridge,217000
1475,Phoenix,2005-5-31,19,junior college,Kalgoorlie,98000
2001,Danen,2001-1-7,24,junior college,Broome,46000
2023,Aarav,1990-4-18,35,junior college,Whyalla,121000
240,Jania,1979-11-17,45,junior college,Kalbarri,108000
2441,Neve,1979-6-21,45_.0,college,Papunya,204000
1519,Janor,2003/10/18,21,college,Coffs Harbour,162000
2726,Cora,1987-10-21,37,HS,Biloela,403000
99,Galius,1988-4-11,-37,junior college,Gatton,314000
996,Peran,1975-11-18,49,postgrade by course,Port Hedland,134000
744,Beliel,2005-12-21,19,college,Pingelly,211000
1968,Pera,1994-8-21,30,PhD,Gladstone,76000
253,Malyn,1979-11-1,45,junior college,Papunya,299000
1210,Norius,2006-11-16,18.,HS,Kununurra,323000
2427,Peran,1991-12-6,33,college,Hermannsburg,550000
2003,Janiel,1994-6-28,30,college,Atherton,208000
1516,Gala,2004-10-29,20,college,Papunya,174000
424,Coris,1989-5-6,35,college,Papunya,129000
2552,Galas,1978-10-23,46,HS,Whyalla,144000
1012,Lorus,1975-9-6,49,junior college,Paraburdoo,481000
1248,Loros,1975/2/23,50_,HS,Papunya,367000
1458,Quenos,1981-9-27,43,HS,Forster,232000
979,Quenus,1979-5-15,45,junior college,Bowral,144000
2469,Galis,1984-3-19,41,junior college,Tom Price,195000
105,Orus,2006-1-30,19,HS,Groote Eylandt,518000
2429,Coralie,2006-7-6,18,HS,Leonora,116000
618,Noror,1992/2/8,33,college,Mount Isa,122000
2093,Cole,1975-3-1,50,college,Gladstone,534000
480,Danen,1982-5-12,42,HS,Mount Isa,123000
1869,Periel,1985-5-20,39,HS,Roma,127000
332,Janar,2006/11/28,-18,HS,Warwick,333000
2183,Noror,1972-9-16,52,junior college,Adelaide River,220000
2596,Ralae,2004-8-4,20,under HS,Narrabri,513000
2456,Ision,1990-3-2,35,junior college,Yanchep,429000
1831,Galan,1987-3-3,38,junior college,Mutitjulu,390000
2848,Galae,2004/7/24,20,junior college,Daly Waters,454000
837,Selius,1974-5-10,50,junior college,Papunya,236000
2802,Pereth,1999-10-2,25,HS,Bundaberg,476000
221,Toror,1975/4/27,50,under HS,Roma,494000
2386,Selar ,2002/4/30,23,college,Sunshine Coast,221000
1380,'Galen,2003-8-30,21,college,Carnarvon,158000
222,Elio,1972-7-16,52,HS,Joondalup,263000
2649,Loras,2000-7-12,24,junior college,Forster,454000
528,Belius,1999/7/13,25,junior college,Adelaide River,451000
642,Mabel,1980-7-27,44,college,Sunshine Coast,572000
659,'Aziel,1990-4-10,35,HS,Barrow Creek,393000
2632,Isis,1983-7-24,41,HS,Joondalup,134000
1392,Malion,1990-11-18,34,HS,Manjimup,96000
1268,Kelius,1973-9-12,51,postgrade by course,Burnie,198000
1915,'Danion ,1990-7-15,34_,postgrade by course,Ti Tree,531000
2555,Perion,1983-4-11,42,HS,Kalgoorlie,582000
1084,Celine,1973-3-17,52,HS,Toowoomba,356000
2936,Danas,1985-8-17,39,HS,Bairnsdale,525000
77,Selen,2004-2-22,21,HS,Halls Creek,34000
168,Ayla,2009/2/3,16,college,Kununurra,368000
2967,Oros,1991/2/20,34,HS,Merredin,552000
2816,Periel,2008-3-10,17,college,Narrandera,316000
154,Sullivan,1991-3-31,-34,postgrade by course,Alice Springs,326000
2070,Quenas,1998/6/9,26.,HS,Howard Springs,569000
2452,Toren,1994-10-17,30,college,Mataranka,129000
2965,Aria,1986-5-7,38,HS,Toowoomba,558000
498,Halyn,1982-6-19,42,junior college,Boddington,363000
226,Danae,2000-4-27,25,college,Albury,106000
435,Ision,2006-8-2,18,college,Port Lincoln,442000
1307,Corius,1974-6-30,50,college,Onslow,480000
103,Danyn,2003-12-31,21,college,Kempsey,406000
2363,Nora,1975-7-21,49.,college,Kingston SE,213000
11,Elius,2004/6/12,20,HS,Halls Creek,100000
1761,Ralor,2008-6-13,16,under HS,Mataranka,446000
150,Blaise,1986-6-11,38,junior college,Daly Waters,175000
479,Belen,1993/6/17,31,junior college,Narrabri,585000
1486,Kelas,2006-7-8,18,postgrade by course,Narrandera,234000
719,Toryn,1981-1-1,44,high-school,Margaret River,318000
341,Valon,1974-9-5,50,college,Wangaratta,150000
1728,Peror,1993-7-27,31,HS,Brisbane,389000
70,Beliel,2000-6-13,24,junior college,Laverton,477000
2251,Quenas,1986-6-20,38,HS,Nhulunbuy,161000
2072,Malius,1985-6-7,39,college,Nelson Bay,442000
1149,Peras,1981-10-7,43,college,Maryborough,346000
2821,Fabian,1996/12/11,28,junior college,Manjimup,222000
268,Jasper,1998-10-28,26,college,Derby,568000
1416,Monroe\s,1993/8/30,31,junior college,Katherine,588000
714,Noros,1973-9-30,51,HS,Baldivis,553000
1680,Queneth,1977-7-31,47,college,Atherton,72000
1594,Nova,1984-4-1,41,postgrade by course,Yeppoon,582000
2669,Catalina,1976/8/13,48,HS,Palmerston,134000
682,Aiden,1973/11/27,51,HS,Rockingham,298000
89,Ralius,1975/7/7,49.,college,Yanchep,281000
50,Fenae,1978-5-22,46,junior college,Borroloola,88000
2516,Perion,1987-11-7,37,college,Albany,345000
791,Perus,2010-8-20,14,under HS,Emerald,273000
1223,Coren,1992-1-18,33,under HS,Derby,154000
2181,Danis,1994/2/7,31,HS,Taree,510000
2088,Quenas,2000-9-10,24,HS,Bowen,120000
1145,Valan,1996/11/27,28.,HS,Bunbury,438000
1182,Ruby,2010-6-11,14,college,Boddington,57000
1986,Quenius,1974-11-10,50,junior college,Alice Springs,133000
2533,Quinn,1986-10-21,38,college,Newcastle,534000
784,Kelyn ,2008-2-29,17,HS,Busselton,294000
1106,Lachlan,2005-6-24,19,HS,Yulara,429000
241,Fenor ,1996-8-31,28,HS,Atherton,348000
2739,Janar,1982-2-15,43,college,Atherton,390000
876,Selon,1987/12/7,37,junior college,Toowoomba,160000
2190,Coron,2010-8-14,14,postgrade by course,Daly Waters,260000
2375,Ralius,1986-7-31,38,junior college,Yanchep,538000
2047,Valus,1983-11-25,41,high-school,Lithgow,199000
2026,Selion,1997/8/3,27,junior college,Wiluna,43000
499,Valan,1993-5-30,31,HS,Bundaberg,415000
1586,Loren,1994-10-1,30,college,Atherton,580000
1888,Persephone,2010/8/9,-14,postgrade by course,Rockingham,349000
2185,Selis,1980-2-7,45.0,HS,Leonora,521000
751,Belos,1977-11-11,47,HS,Gladstone,338000
2740,Coror,1997-3-14,28,college,Mildura,85000
1377,Peris,1972-10-17,-52,junior college,Kununurra,179000
2768,Noras,2004-4-15,21,postgrade by course,Maryborough,564000
1900,Janen,1981/5/13,43,under HS,Leonora,60000
2960,Giselle,1973-4-19,52,college,Gatton,543000
1822,Jania,1974-9-19,50,HS,Murray Bridge,513000
2752,Elyn,1978/8/17,46,junior college,Leonora,466000
800,Halor,1997-6-15,27,high-school,Bairnsdale,316000
2705,Danos,2004-1-6,21,postgrade by course,Halls Creek,258000
1453,Quenos,1997-9-1,27,HS,Coffs Harbour,107000
314,Valas,1991/11/10,33,junior college,Murray Bridge,159000
149,Fenar,2001-7-5,23,HS,Cloncurry,202000
185,Beliel,2001-2-13,24,under HS,Carnarvon,386000
1200,Lorus,2010-6-30,14,junior college,Fitzroy Crossing,278000
1509,Beleth,1997/7/23,27,junior college,Murray Bridge,256000
2253,Loria,1982-4-12,43,HS,Armidale,210000
1131,Kelion,1994-8-26,30,HS,Sale,519000
2195,'Isla,1983-10-28,41.,junior college,Jurien Bay,241000
1620,Cian,1996-3-19,29,PhD,Nelson Bay,434000
270,Oryn ,2006-10-28,18,college,Denmark,473000
736,Crew,1988-8-4,36,college,Carnarvon,371000
1683,Micah,2009-11-13,-15,college,Joondalup,68000
1320,Ralor,1978-11-26,46,HS,Pingelly,495000
2346,Elen,1988-7-28,36,junior college,Bathurst,416000
1830,Norion,1984-3-23,41,college,Margaret River,236000
1608,Kelor,2008-9-23,16,HS,Murray Bridge,44000
2094,Danae,2007-8-29,-17.,junior college,Shepparton,186000
815,Loron,1998/10/1,26,HS,Nelson Bay,531000
1132,Elae,1990-6-1,34,HS,Kyneton,81000
1359,Kelius,1977/6/10,47,college,Ballarat,255000
2484,Oakley,1997-1-22,28,HS,Coolgardie,145000
561,Beleth,1996-8-7,28,junior college,Daly Waters,490000
2163,Malen,2004-11-3,20,HS,Seymour,360000
1843,Belar,1979-12-9,45,HS,Emerald,247000
796,Anika,2008-11-16,16,junior college,Port Hedland,398000
1573,Ralae,2000-5-5,24,under HS,Kempsey,523000
1272,Josie,1973/8/11,-51,junior college,Kununurra,540000
2851,Halus,2003-2-18,22,HS,Sale,309000
1119,Ryker,1987-8-3,37_,PhD,Bairnsdale,146000
2412,Maliel,1997-9-20,27,HS,Nelson Bay,262000
678,Selion,1974/10/8,-50,junior college,Groote Eylandt,568000
419,Sky,1988/11/14,36,college,Mataranka,148000
1351,Galyn,1991-5-12,33,HS,Broome,460000
2296,Primrose,2003/2/8,22,college,Winton,578000
2029,Galyn,1988/2/16,37,HS,Tennant Creek,82000
2844,Caelan\s,1972-4-13,53,college,Kalgoorlie,367000
461,Janus,2001-4-3,24,HS,Gladstone,281000
252,Delilah,2003/6/27,21,junior college,Albany,45000
140,Galius,1997-11-22,27.0,HS,Maryborough,47000
2897,Norion,1988-10-15,36,junior college,Devonport,110000
519,Alexei,1996-9-14,28,master,Hobart,125000
612,Galon,2005-8-27,19.,HS,Singleton,520000
131,Perius,1980-12-22,44,postgrade by course,Mataranka,417000
777,Adeline,1982-5-23,42,PhD,Batemans Bay,336000
1178,Noris,1986-6-12,38,HS,Howard Springs,245000
2390,Coror,2000-8-2,24.0,college,Midland,249000
404,Janor,1987-1-20,38,junior college,Warrnambool,232000
699,Ines,2009-3-29,16,junior college,Onslow,184000
2320,Belius,1993-4-23,32,HS,Alice Springs,407000
2903,Elan,1973-6-27,-51,college,Dubbo,331000
2941,Noris,1995-9-7,29,junior college,Warwick,80000
1381,Gemma,1978-9-13,46,HS,Mount Barker,555000
2508,Oror,1990-4-10,35.,HS,Hobart,554000
1593,Pereth,2004-10-15,20,junior college,Mount Isa,151000
2551,Galor,2000-12-15,24,HS,Lismore,458000
1514,Selene,1974/12/19,50,HS,Leonora,149000
1970,Freya,1973/8/4,51,HS,Jurien Bay,173000
1271,Fenan,1988-10-25,-36.0,HS,Stanthorpe,400000
2065,Dakota,2004-9-16,20.0,postgrade by course,Northam,271000
854,Noryn,1973/3/15,52,junior college,Atherton,47000
895,Janos,2000-10-30,24,PhD,Ballarat,575000
2117,Onyx,1991-11-22,33,college,Bathurst,438000
1962,Janos,1983-4-14,42,junior college,Newcastle,297000
2558,Daneth,1986-10-20,38,HS,Halls Creek,464000
385,Lila,1988/7/28,36,under HS,Lismore,323000
1472,Noros,1992-9-17,32,HS,Yanchep,253000
2383,Penelope,1995-5-1,30,college,Daly Waters,197000
289,Selus,1998-12-5,26,HS,Mutitjulu,111000
2622,Halor,1977/2/13,48,HS,Fitzroy Crossing,488000
1717,Valas,2001/11/27,23,HS,Toowoomba,586000
261,Malon,2007-1-3,18,college,Nelson Bay,409000
112,Kelae,1991-12-21,33,HS,Broome,541000
1498,Peron,1999/8/7,25,HS,Sunshine Coast,430000
2414,Cora,1995-2-4,30,HS,Leonora,38000
2188,Fenion,1998/1/18,27,junior college,Albany,79000
115,Noror,1998-10-14,26.,junior college,Kalgoorlie,140000
2415,Danen,2000-8-10,24,junior college,Nhulunbuy,66000
422,Mala,1977/2/13,48,HS,Victor Harbor,127000
574,Coreth,1986/3/26,39,college,Kalamunda,179000
2500,'Elar,1978-3-28,47_,high-school,Broome,600000
2082,Selis,2000-5-12,24,junior college,Biloela,163000
2771,Keliel,2007-8-11,17,college,Pingelly,411000
1909,Loriel,1997-7-24,27,HS,Howard Springs,256000
1444,Coris,2006-10-11,18,postgrade by course,Derby,447000
1188,Fenar,1974-4-26,51,HS,Larrimah,570000
2091,Isiel,1983/12/9,41,HS,Bundaberg,309000
1960,Iseth,1993/7/31,31,under HS,Griffith,595000
116,Sela,1981-11-26,43,college,Nelson Bay,461000
731,Oria,2004-11-19,20,HS,Joondalup,150000
950,Selius\s,1982-12-4,42,junior college,Canberra,243000
576,Janor,2003-9-14,21,HS,Northam,264000
2651,Otis,1993-7-11,31,junior college,Lithgow,436000
1397,Kelius,2007/5/21,-17,college,Leonora,186000
426,Belius,1982/11/21,42,junior college,Meekatharra,216000
1661,Toria,1980-9-22,44,HS,Cowra,293000
1231,Malen,1989/9/3,35,junior college,Halls Creek,52000
775,Toreth,1996/7/28,28,junior college,Grafton,275000
258,Coran,2008-1-18,-17,college,Cairns,43000
2046,Haleth,1973/10/24,51,postgrade by course,Howard Springs,367000
1782,Dorian,1976-8-22,48_,postgrade by course,Hermannsburg,55000
1266,Janiel,1993-8-1,31,HS,Charters Towers,209000
502,Ralius,1997-12-31,27_,HS,Yanchep,147000
1235,Norar,2010/1/19,15_,college,Geraldton,214000
1941,Fenis,1982/8/17,-42,HS,Launceston,82000
2873,Loron,1993-5-10,31,postgrade by course,Leonora,479000
21,Soren,2006/11/29,18,HS,Bowen,319000
2603,Leo,2010/9/25,14,HS,Whyalla,92000
2285,Kelia,1999-12-24,25,junior college,Grafton,136000
1386,Eden,1982-6-2,42,master,Cowra,362000
2781,Galus,1991-7-10,33.,college,Hermannsburg,89000
370,Selius,2006/11/11,18,junior college,Albury,398000
2068,Janis,1993-6-26,31_,HS,Deniliquin,539000
440,Feniel,2000-7-6,24,junior college,Newcastle,248000
1013,Malis,1993-11-30,31,junior college,Wiluna,493000
2473,Jania,1978/3/20,47,junior college,Ararat,304000
1290,Oron,1982/12/23,42,junior college,Papunya,265000
2393,Halar,1985-3-2,40,master,Manjimup,38000
772,Ison,1998-6-2,26.,HS,Laverton,391000
2808,Danor,1995-2-13,30_,junior college,Ballarat,109000
512,Isae,1996-8-6,28,HS,Burnie,90000
844,Peron,1996-8-27,28,junior college,Sunshine Coast,352000
376,Belae,1988-11-11,36,college,Tamworth,268000
518,Torae,1991-4-9,34,HS,Mataranka,345000
2165,Fenius,2006-6-20,18,college,Dongara,342000
42,Janus,2009-8-5,15,postgrade by course,Geelong,208000
2782,Janion,1973-2-10,52,high-school,Broome,246000
745,Ison,1995/1/7,30,junior college,Orange,212000
414,Quenus,1986-1-10,39,HS,Bendigo,202000
742,Valen,1976-10-7,48,college,Leonora,523000
383,Loris,1979-6-12,45,junior college,Orange,195000
2099,Toryn ,1977/8/11,47,HS,Esperance,88000
2988,Belae,1981-9-9,-43,HS,Albany,449000
272,Malan,2008-11-3,16,HS,Alice Springs,247000
850,Isiel,2009-10-17,15,junior college,Rockhampton,97000
1473,Quenan,2000/4/7,25,HS,Warwick,419000
522,Isis,2003/1/31,22,junior college,Hermannsburg,291000
303,Noror,2003-3-22,22,college,Queanbeyan,40000
1221,Fenius ,2009-11-28,15,college,Lithgow,227000
2801,Leander,1985-2-9,40,under HS,Atherton,478000
2226,Queniel,2008-5-17,-16,HS,Pingelly,546000
2642,Danus,1986-2-24,39,HS,Longreach,273000
1034,Sienna,1986-3-17,39,junior college,Port Hedland,349000
776,Coran,1997-4-17,28,HS,Burnie,252000
2843,Norar,1994-5-3,31,college,Northam,586000
312,Lucia,1972-3-2,53,HS,Busselton,455000
686,Valor,2001-7-3,23.,junior college,Leonora,299000
1288,Corion,1994-11-18,30,college,Boddington,549000
2634,Toren,1983/6/4,41,high-school,Singleton,140000
1406,Olive,1998-5-3,27,postgrade by course,Jurien Bay,427000
1121,Perius,2003-6-13,21_,junior college,Maryborough,506000
793,Amir,1992-12-9,32,HS,Port Macquarie,184000
2249,Maddox,1985-1-6,40,college,Singleton,454000
2066,Danae,1985-9-22,39,high-school,Papunya,102000
2791,Malae,2010-9-10,14,junior college,Melbourne,529000
2970,Peren,1979/4/22,46,HS,Wyndham,85000
2579,Peria,2008-2-19,17,college,Geraldton,404000
295,Callum,1995-12-23,29_,HS,Boddington,209000
225,Seliel,1987-8-20,37,postgrade by course,Joondalup,461000
1735,Coren,1988/6/18,36,under HS,Mackay,292000
2998,Belor,1982-8-9,42,college,Kalgoorlie,243000
1341,Kela,1993/4/8,32,junior college,Goulburn,458000
1819,Lana,1994-3-22,31,junior college,Alice Springs,265000
224,Aurelia,1992-10-26,32_,master,Hobart,596000
2581,Peren,1986/4/16,39,postgrade by course,Jurien Bay,371000
1072,Fenia,1990-3-17,35,under HS,Wollongong,33000
2793,Norius,1994-3-17,31.0,HS,Leonora,505000
2617,Elyn,1995-1-15,30,college,Jurien Bay,163000
521,Valus,1982-10-12,42,HS,Halls Creek,71000
2398,Torus,2010-1-4,15,PhD,Jurien Bay,548000
2520,Lorion\s,2008/5/27,16,HS,Yanchep,83000
1811,Oria,1976-8-7,48,high-school,Whyalla,389000
898,Quena,2010-4-6,15,college,Singleton,584000
2283,Noron,1991-11-16,33,master,Maryborough,282000
721,Lorus,1972/9/29,52,college,Kempsey,220000
1233,Janyn,1997-1-19,28,HS,Mount Isa,577000
1780,Corae,1999-1-3,26,junior college,Lithgow,524000
636,Beliel,2009-3-16,16,postgrade by course,Emerald,353000
2194,Ralor,1986-8-14,38,junior college,Carnarvon,259000
345,Coror,1976/8/5,48,HS,Pingelly,584000
1245,Ocean,1980-1-20,45,HS,Atherton,549000
223,Ison,1988-6-24,36,college,Mutitjulu,61000
2133,Isiel,1984-5-29,40,HS,Gladstone,442000
1583,Valor,2006-1-12,19,HS,Manjimup,338000
183,Quena,1977-4-30,48,junior college,Albany,70000
934,Quenion,1976-10-24,48.,HS,Kingston SE,391000
2922,Ember,1977-11-22,47,junior college,Batchelor,234000
2935,Noror,2001/2/14,24,junior college,Derby,451000
249,Noror,1976/5/6,48,HS,Port Macquarie,177000
1676,Elias,2002-12-21,22,junior college,Alice Springs,521000
2928,Fenor,1983-11-30,41,junior college,Margaret River,595000
2270,Torius,2001/1/6,24,HS,Port Hedland,180000
1419,Peran,1982/12/29,42,HS,Port Lincoln,261000
2472,Janiel,1993-3-4,32,high-school,Seymour,566000
2205,Fenor,1984-6-4,40,junior college,Geraldton,159000
729,Queniel,1994/8/31,30,HS,Morley,445000
1010,Kelyn,1999-10-7,25,college,Forster,90000
309,Torion,2006-1-9,19,HS,Exmouth,411000
125,Isia,1982-11-1,42_,college,Derby,544000
139,Danion,1994-8-31,-30,HS,Broome,498000
1878,Feneth,2010-5-22,14,HS,Nelson Bay,60000
840,Malachi,1973-4-23,52,college,Biloela,555000
830,Owen,1972/5/14,52,junior college,Wiluna,69000
1959,Enzo,1995-6-20,29,HS,Young,549000
2367,Aurora,2009-10-14,15,college,Manjimup,409000
1716,Elyn,1987-11-8,37,junior college,Lismore,102000
783,Selor,1985-4-27,40,junior college,Halls Creek,290000
1760,Oror,2004/12/1,20,junior college,Port Macquarie,84000
2480,Loran,2010/9/27,14,junior college,Wiluna,77000
861,Raven,2004-4-9,21,under HS,Ballarat,318000
49,Malius,2004-9-20,20,under HS,Whyalla,241000
2025,Juniper,1996-9-9,28,HS,Parkes,311000
1487,Pera,2006-1-17,19,postgrade by course,Whyalla,191000
2728,Seliel,1988-9-23,36,junior college,Cowra,444000
1703,Oria,1985-10-20,39.,postgrade by course,Halls Creek,479000
1624,Max,1973-5-6,51,junior college,Lismore,315000
445,Oriel,1997-10-25,27.0,junior college,Cowra,344000
2178,Jania,2000-4-16,25,HS,Broome,451000
1237,Fenus,2001-11-17,-23,junior college,Kununurra,172000
2524,Malen,1984-2-26,41,PhD,Tennant Creek,594000
1637,Selia,1987-8-4,37.,college,Margaret River,265000
351,Loras,1986-11-20,38,college,Forster,39000
1651,Ralis,1993-8-12,31,HS,Newman,322000
205,Noren,1997-1-3,28,master,Southern Cross,190000
1821,Salem,1993-10-26,-31,college,Atherton,143000
1654,Janius,1981/11/27,43,college,Rockhampton,82000
337,Corius,1984-9-15,40,HS,Denmark,352000
1705,Atlas,1985-7-11,39,HS,Daly Waters,179000
2105,Oliver,2003/3/15,22,junior college,Armidale,322000
1190,Halis,2008/4/10,17,high-school,Ti Tree,197000
2406,Peran,1977/4/1,48,college,Laverton,257000
1269,Loran,1980-3-21,45,college,Derby,104000
386,Galor,1998-2-20,27,HS,Gold Coast,260000
2057,Torion,1986-5-14,38,junior college,Yanchep,170000
879,Peren,2000-2-21,25,HS,Ararat,139000
423,Sela,1995-9-29,29_,HS,Bowral,390000
1791,Hala,1982/7/16,42,junior college,Halls Creek,331000
2837,Halis,1983-5-19,41,under HS,Perth,169000
63,Norion,2009-4-17,16_,junior college,Joondalup,571000
2314,Valiel,2009-8-20,15,HS,Dalby,333000
2560,Feneth,1983-9-6,41,HS,Halls Creek,196000
2203,Malan,1984-4-21,41,junior college,Nelson Bay,548000
780,Kelus,1977/10/1,47,PhD,Broome,593000
1124,Quenan,1985-7-6,39,junior college,Narrabri,208000
2827,Ralor,1992/4/9,33.0,college,Shepparton,514000
1628,Janas,1987-11-12,37,HS,Atherton,125000
97,Orus,2009-11-23,15,college,Whyalla,261000
2635,Janon,1999-10-7,25,HS,Parkes,120000
2706,Danis,1995-8-10,29,HS,Rockingham,463000
589,Elor,1978-12-25,46,college,Boddington,179000
1786,Belus,1983-6-18,41,HS,Wiluna,105000
1558,Janen,1976-11-25,48,junior college,Darwin,565000
1305,Janor,1998-8-11,26,HS,Forster,134000
48,Evie,1990-1-14,35,college,Inverell,569000
2789,Elus,1973/11/7,51,college,Mount Barker,274000
1464,Isan,1993/11/3,31,junior college,Toowoomba,344000
2395,Selus,2010-11-25,-14,HS,Karratha,312000
632,Rala,1975/12/11,49_,junior college,Toowoomba,425000
1205,Torius,1998-11-27,26,HS,Burnie,173000
2613,Coras,1982-12-18,42,college,Papunya,215000
1164,Loryn,1980-6-11,44,college,Mudgee,376000
144,Noriel,1992-1-8,33,HS,Newcastle,207000
2462,'Kelis,1986-4-4,39,postgrade by course,Hobart,438000
2365,Valiel,1996-4-28,29_,HS,Jurien Bay,397000
482,Peras,1980-12-24,44,HS,Winton,87000
1603,Jana,1979-11-23,45,HS,Queanbeyan,83000
69,Perius,1992-11-15,32,postgrade by course,Brisbane,231000
2458,Fenor,1977-4-23,48,junior college,Bairnsdale,82000
346,Danon,2002-7-19,22,under HS,Perth,315000
1724,Seliel,1990-3-24,35,junior college,Atherton,431000
1940,Sage,2003-5-30,21,HS,Port Macquarie,294000
1520,Elon,1987-8-24,37,HS,Nowra,303000
2148,Isius,2000-3-1,25,HS,Sunshine Coast,162000
213,Kelion,1994-5-14,30,HS,Bowen,162000
2024,Jana,1996-12-17,28,college,Emerald,100000
722,Isiel,1997-12-1,27,junior college,Carnarvon,323000
2275,Loron,1995-1-17,30,college,Mount Isa,255000
1285,Oron,2002-2-24,23,HS,Deniliquin,161000
1985,Torius,2002-4-2,23,junior college,Pingelly,125000
1114,Janan,1979/11/13,45.,postgrade by course,Inverell,183000
1263,Tora,2010-7-28,14,master,Albury,298000
2682,Elas,1995-6-11,29,under HS,Forster,312000
540,Kelius,1996-11-12,28,college,Katherine,389000
469,Odin,1994-9-17,30,HS,Palmerston,259000
1672,Quenar\s,2007-10-25,17.,HS,Mount Barker,123000
808,Calla,1979-9-2,45,college,Groote Eylandt,133000
649,Belus,1973/4/14,52,junior college,Lithgow,349000
2720,Lorae,1982-12-17,42,postgrade by course,Lithgow,54000
449,Selas,1978-10-21,46,college,Carnarvon,388000
621,Noreth,1983-6-26,41.,HS,Mount Isa,572000
2697,Danor,2005-8-16,19,postgrade by course,Port Augusta,524000
2777,Isia,1974-3-21,51,HS,Perth,71000
2766,Stella,2004/4/22,21,junior college,Wyndham,425000
1597,Milan,1994-10-26,30,junior college,Wyndham,526000
2515,Jude,1974-9-15,50,junior college,Armidale,64000
71,Janion,1980/4/5,45,HS,Halls Creek,70000
356,Coriel,2002-3-31,23,junior college,Carnarvon,116000
2483,Esme,1997-12-31,27,junior college,Wiluna,61000
2360,Halas,1976-1-10,49,HS,Yuendumu,459000
1279,Isae,2000-12-24,24,HS,Bowen,96000
2719,Quenis,1984-8-31,40,HS,Mataranka,406000
2963,River,1997-1-20,28,college,Albany,68000
134,Lyric,1972-10-19,52,HS,Devonport,85000
215,Selas,1973-7-17,51,junior college,Leonora,357000
743,Asa,1983-1-11,42,junior college,Ballarat,162000
1429,Jax,1976-2-19,49,junior college,Whyalla,55000
2062,Jace,1999-4-29,26,HS,Port Hedland,51000
1309,Fenor,1989-8-9,35,under HS,Bundaberg,339000
199,Peren,1977-8-16,47,junior college,Canberra,410000
754,Peryn,1987-3-4,38,HS,Onslow,152000
2690,Loris,1991-6-23,33,junior college,Kingston SE,306000
809,Isus,1979-8-8,45,under HS,Alice Springs,151000
983,Valius,2008-10-8,16,under HS,Katherine,109000
2826,Levi,1985-4-12,40,college,Laverton,561000
2404,Coren,1979-8-22,45,under HS,Derby,564000
281,Toren,1979-5-23,45,HS,Exmouth,544000
104,Oros,1978-2-21,47,junior college,Laverton,189000
510,Coros,2006-2-22,19,college,Grafton,104000
1152,Oryn,1994-12-16,30,junior college,Goondiwindi,457000
582,Galas,1997/12/17,27_,college,Warwick,168000
2956,Ora,1975-2-7,50,HS,Dalby,490000
1009,Elius,1992-9-19,32,HS,Griffith,191000
1652,Sariah,2009-1-28,16,junior college,Meekatharra,588000
2929,Kelen,2007-2-7,18,HS,Papunya,318000
1832,Valor,2010-3-14,15,HS,Burnie,543000
1995,Sawyer,1997-2-28,28,junior college,Forster,567000
2830,Valiel,2006-7-15,18,junior college,Nhulunbuy,519000
1181,Elyn,2003-2-21,22,junior college,Busselton,561000
590,Coron,2006-12-6,18_,college,Batchelor,208000
1747,Torus,1976-5-23,48,HS,Swan Hill,54000
1016,Perion,2005/7/24,19,high-school,Kalamunda,540000
2371,Brielle,2003-1-31,22,HS,Hobart,498000
637,Anders,1976/4/12,49,HS,Broome,174000
1868,Rala,2004/4/12,21,college,Baldivis,404000
1135,Halius,2001-5-25,23,HS,Carnarvon,528000
227,Knox,1990-3-17,35,HS,Baldivis,258000
1647,Elor,1982/3/25,43,junior college,Hobart,503000
1163,Mira,1985-8-18,39,college,Rockingham,203000
1212,Elion,1998/1/3,27,HS,Tennant Creek,481000
1408,Kelyn,1986/7/31,38,college,Maryborough,256000
550,Belae\s,1999-7-13,25,college,Laverton,79000
2119,Selas,2001-12-15,-23,HS,Mount Isa,238000
2496,Coran,2006-11-26,18,college,Yeppoon,569000
1555,Halor,1999/7/7,25,college,Hobart,449000
2939,Ellery,1996-12-24,28,college,Papunya,419000
417,Feneth,1976-8-28,48,under HS,Seymour,459000
6,Parker,1981-1-1,44,HS,Burnie,343000
2127,Kelae,1993/1/12,32,college,Bairnsdale,295000
194,Natalia,2000-1-11,25,high-school,Barrow Creek,137000
2547,Raleth,1984-1-13,41,HS,Geraldton,589000
2716,Selyn,1975-5-30,49,junior college,Perth,516000
1659,Belar,2007-8-30,17,college,Barrow Creek,120000
2532,Toras,2000/5/31,24,junior college,Bowen,252000
631,Halis,1991-1-1,34,junior college,Kalamunda,346000
1857,Selon,1992/2/19,33,college,Margaret River,316000
2281,Ralan,1972/12/6,52,junior college,Wollongong,77000
2693,Fenae,1985/8/11,39,HS,Warwick,227000
2962,Beliel,1993-9-24,31,college,Kingston SE,304000
1436,Malos,1986-4-25,39,HS,Wagga Wagga,304000
448,Kelan,2000-4-5,25.0,college,Mataranka,402000
1765,Ralos,1990/3/20,35,HS,Innisfail,533000
209,Valion,1982/4/12,43,college,Larrimah,156000
367,Mathias,1998-10-31,26,HS,Emerald,112000
441,Paris,1973-7-3,51,junior college,Esperance,560000
2522,Selus,2001-3-8,24,junior college,Rockhampton,518000
2616,Ralus,2010-5-15,14,college,Forster,589000
2882,Janius,1983-4-10,42,HS,Whyalla,412000
285,Ralor,1997-12-6,27,HS,Derby,323000
2169,Malis,1976-12-22,48,HS,Kalgoorlie,422000
2734,Quenor,1973-2-27,52,junior college,Sunshine Coast,217000
1048,Sela,1988/5/18,-36,master,Halls Creek,555000
1185,Loris,1977-6-5,-47,junior college,Geraldton,514000
1682,Coryn,2010-4-5,-15,junior college,Nelson Bay,528000
177,Periel,1991-12-20,33,HS,Carnarvon,247000
107,Matteo,1989-9-10,35,HS,Mount Isa,400000
975,Janius,1993-7-1,31,college,Morisset,551000
2927,Quenius,1984-5-13,40,college,Papunya,399000
691,Dania,1981-6-23,43,junior college,Northam,566000
2684,Malius,1981-11-8,43,HS,Bundaberg,572000
1144,Malan,1988-5-5,36,master,Warwick,221000
1287,Galar,1975-7-6,49,junior college,Hobart,354000
2466,Bryson,1976-11-15,48,college,Daly Waters,147000
821,Bela,2006-5-7,18,junior college,Lismore,263000
2306,Belas,2005-8-24,19,HS,Jurien Bay,60000
242,Lorion,2005/7/7,19,junior college,Kununurra,281000
1992,Isus,1997-1-12,28,HS,Merredin,575000
696,Ralae,1997/12/17,27,junior college,Wollongong,256000
820,Luca,2007-2-17,18_,postgrade by course,Coffs Harbour,457000
734,Perus,1984-8-1,40,college,Pine Creek,68000
1365,Ronan,2000/8/5,24,HS,Merredin,112000
692,Toror,2007-12-20,17,college,Winton,480000
2114,Ralor,1977-2-27,48,college,Tennant Creek,44000
265,Kelor,1974-8-19,50_,junior college,Whyalla,229000
2666,Hugo,1973-2-4,52,junior college,Armidale,201000
1719,Janis,1979-2-13,46,junior college,Barrow Creek,225000
141,Malion,2002-9-28,22,high-school,Victor Harbor,572000
513,Toren,1972-2-26,53,junior college,Esperance,55000
2256,Daneth,1987-10-25,37_,junior college,Hobart,403000
2610,Danus,1982-7-18,-42,junior college,Broome,274000
592,Toreth,2007/10/6,17,HS,Alice Springs,330000
2228,Elia,2002/6/16,22,HS,Morley,482000
487,Ralae,1986-9-13,38,HS,Whyalla,462000
565,Gavin,1999-1-28,26,postgrade by course,Nelson Bay,509000
1003,Tora,1974/6/16,50,PhD,Narrabri,595000
476,Peran,1978-2-17,47,postgrade by course,Alyangula,382000
1678,Valen,2007-5-26,17,junior college,Maryborough,280000
13,Belas,1990-11-8,34,college,Yeppoon,332000
288,Petra,1985-3-14,-40,HS,Grafton,517000
457,Quenar,1974/2/1,51,PhD,Nelson Bay,56000
1301,Loria,1982-8-4,42,junior college,Atherton,426000
2007,Nora,2007/7/7,17_,HS,Charters Towers,534000
22,Jana,1999-6-3,25,HS,Victor Harbor,541000
2861,Loren ,1987-7-1,37,master,Narrabri,409000
1907,Janan,1991-7-26,33,under HS,Forster,303000
2032,Coreth,1976/3/21,49,junior college,Papunya,83000
68,Bianca,1979/5/24,45,college,Mount Barker,451000
981,Sasha,1974-4-16,51,HS,Busselton,504000
2196,Beliel,1989-1-21,36,junior college,Sale,127000
1708,Isen,2005-7-28,19,junior college,Warwick,192000
1051,Faye,1996-5-17,28,HS,Denmark,208000
1813,Alec,1973-9-15,51,college,Burnie,397000
418,Lorus,1993/4/7,32,HS,Singleton,295000
651,Peris,1996-4-8,29,college,Derby,462000
153,Orae,1975-4-5,50,under HS,Manjimup,73000
625,Marco,1993-9-20,31,junior college,Derby,273000
2138,Lorae,2010/11/11,14,college,Midland,432000
2376,Perae,1989-6-15,35,college,Forster,306000
1326,Ralas,1986/4/25,39,college,Margaret River,47000
2588,Galar,1974-5-2,51,HS,Murray Bridge,265000
2562,Belar,2002-11-27,22,college,Nhulunbuy,89000
1427,Isae,1983/10/12,41,college,Newcastle,423000
12,Orae,1997-8-21,27,HS,Denmark,186000
485,Isis,2009-12-19,15,junior college,Atherton,80000
1060,Kai,1996-5-3,-29,HS,Ellenbrook,204000
2109,Oran,2007-9-1,17.0,college,Tennant Creek,507000
1456,Dania,2002-1-1,23,HS,Wangaratta,290000
1631,Rowan,1996/6/29,28,high-school,Albany,286000
1692,Loriel,1975-6-1,49,junior college,Wiluna,502000
2959,Ralae,1980/4/12,45.,under HS,Papunya,187000
2391,Seleth,1995-11-19,29,junior college,Perth,288000
2813,Coriel,2004/5/4,20,under HS,Derby,396000
666,Peryn,2004-11-12,20,under HS,Warwick,509000
292,Toror,1995-1-9,-30,under HS,Tom Price,347000
394,Vala,1980-12-1,44,HS,Wagin,158000
187,Kaia,1998-6-16,26,college,Mount Isa,31000
2757,Halius,2003/10/27,21,college,Cowra,111000
761,Selae,1981-1-4,44,under HS,Naracoorte,55000
626,Kelae,1983-5-16,41,under HS,Wanneroo,187000
2372,Eliel,1995/8/26,29,junior college,Katherine,360000
1872,Malar,1982-6-17,42,junior college,Warwick,582000
2842,Noriel,1995-5-8,29,junior college,Kununurra,169000
964,Toriel,2006-11-9,-18,HS,Atherton,183000
32,Toros,1991-7-25,33,college,Hobart,123000
2090,Noras,2001/12/3,23,junior college,Howard Springs,302000
652,Janius,1986/8/4,38,junior college,Meekatharra,436000
1126,Leonie,2000-3-23,25,high-school,Nowra,270000
2761,Seliel,2007-4-20,18,junior college,Nowra,477000
2538,Danos,1998-10-30,26,junior college,Geraldton,396000
455,Malar,1991-2-7,34,HS,Wyndham,390000
375,Axel,1976-1-5,49,junior college,Groote Eylandt,95000
2243,Valen,2003-6-15,21,college,Palmerston,492000
1749,Amara,2003-4-30,22,college,Sale,478000
1143,Janan,1977-8-20,47,HS,Canberra,525000
396,Darian,1978-10-27,46,under HS,Nowra,450000
2887,Peror,2006-3-21,19,HS,Sydney,194000
2225,Halius,2006-8-16,18,HS,Leonora,594000
511,Elus,1984-10-4,40,under HS,Howard Springs,312000
2301,Orar,1990-9-26,34_,HS,Broome,69000
